{
    "regex_matches": {
        "OfficeActivity": {
            "TenantId": {
                "GUID_REGEX": [
                    1.0,
                    1.0
                ]
            },
            "OrganizationId": {
                "GUID_REGEX": [
                    1.0,
                    1.0
                ]
            },
            "OrganizationId_": {
                "GUID_REGEX": [
                    1.0,
                    1.0
                ]
            },
            "UserKey": {
                "NTACCT_REGEX": [
                    0.02,
                    0.02
                ],
                "GUID_REGEX": [
                    0.01,
                    0.01
                ]
            },
            "OfficeObjectId": {
                "URL_REGEX": [
                    0.024390243902439025,
                    0.01
                ],
                "GUID_REGEX": [
                    0.024390243902439025,
                    0.01
                ]
            },
            "UserId": {
                "EMAIL_REGEX": [
                    0.67,
                    0.67
                ],
                "NTACCT_REGEX": [
                    0.02,
                    0.02
                ]
            },
            "UserId_": {
                "EMAIL_REGEX": [
                    0.67,
                    0.67
                ],
                "NTACCT_REGEX": [
                    0.02,
                    0.02
                ]
            },
            "ClientIP": {
                "IPV4_REGEX": [
                    0.631578947368421,
                    0.12
                ],
                "IPV6_REGEX": [
                    0.2631578947368421,
                    0.05
                ]
            },
            "ClientIP_": {
                "IPV4_REGEX": [
                    0.631578947368421,
                    0.12
                ],
                "IPV6_REGEX": [
                    0.2631578947368421,
                    0.05
                ]
            },
            "Site_": {
                "GUID_REGEX": [
                    1.0,
                    0.09
                ]
            },
            "Site_Url": {
                "URL_REGEX": [
                    1.0,
                    0.06
                ]
            },
            "Site_Url_": {
                "URL_REGEX": [
                    1.0,
                    0.06
                ]
            },
            "SourceFileName": {
                "DNS_REGEX": [
                    0.16666666666666666,
                    0.01
                ]
            },
            "SourceFileName_": {
                "DNS_REGEX": [
                    0.16666666666666666,
                    0.01
                ]
            },
            "OrganizationName": {
                "DNS_REGEX": [
                    1.0,
                    0.89
                ]
            },
            "MailboxGuid": {
                "GUID_REGEX": [
                    1.0,
                    0.58
                ]
            },
            "MailboxOwnerUPN": {
                "EMAIL_REGEX": [
                    1.0,
                    0.58
                ]
            },
            "MailboxOwnerSid": {
                "SID_REGEX": [
                    1.0,
                    0.58
                ]
            },
            "LogonUserSid": {
                "SID_REGEX": [
                    1.0,
                    0.58
                ]
            },
            "Client_IPAddress": {
                "IPV4_REGEX": [
                    0.7413793103448276,
                    0.43
                ],
                "IPV6_REGEX": [
                    0.2413793103448276,
                    0.14
                ]
            },
            "ClientProcessName": {
                "DNS_REGEX": [
                    1.0,
                    0.01
                ],
                "WINPROCESS_REGEX": [
                    1.0,
                    0.01
                ]
            },
            "OfficeId": {
                "GUID_REGEX": [
                    1.0,
                    1.0
                ]
            },
            "SourceRecordId": {
                "GUID_REGEX": [
                    1.0,
                    1.0
                ]
            },
            "AADGroupId": {
                "GUID_REGEX": [
                    1.0,
                    0.01
                ]
            },
            "AppId": {
                "GUID_REGEX": [
                    1.0,
                    0.54
                ]
            },
            "ClientAppId": {
                "GUID_REGEX": [
                    1.0,
                    0.18
                ]
            }
        },
        "SecurityEvent": {
            "TenantId": {
                "GUID_REGEX": [
                    1.0,
                    1.0
                ]
            },
            "Account": {
                "WINPATH_REGEX": [
                    0.3684210526315789,
                    0.28
                ],
                "NTACCT_REGEX": [
                    0.6052631578947368,
                    0.46
                ],
                "SID_REGEX": [
                    0.02631578947368421,
                    0.02
                ]
            },
            "Computer": {
                "DNS_REGEX": [
                    0.52,
                    0.52
                ]
            },
            "SourceComputerId": {
                "GUID_REGEX": [
                    1.0,
                    1.0
                ]
            },
            "EventOriginId": {
                "GUID_REGEX": [
                    1.0,
                    1.0
                ]
            },
            "MG": {
                "GUID_REGEX": [
                    1.0,
                    1.0
                ]
            },
            "FileHash": {
                "SHA256_REGEX": [
                    1.0,
                    0.08
                ]
            },
            "FilePath": {
                "NTACCT_REGEX": [
                    0.75,
                    0.06
                ]
            },
            "IpAddress": {
                "IPV4_REGEX": [
                    1.0,
                    0.35
                ]
            },
            "MandatoryLabel": {
                "SID_REGEX": [
                    1.0,
                    0.09
                ]
            },
            "NewProcessName": {
                "WINPATH_REGEX": [
                    1.0,
                    0.09
                ],
                "WINPROCESS_REGEX": [
                    1.0,
                    0.09
                ]
            },
            "ObjectName": {
                "WINPATH_REGEX": [
                    0.6153846153846154,
                    0.08
                ],
                "WINPROCESS_REGEX": [
                    0.23076923076923078,
                    0.03
                ]
            },
            "ParentProcessName": {
                "WINPATH_REGEX": [
                    1.0,
                    0.09
                ],
                "WINPROCESS_REGEX": [
                    1.0,
                    0.09
                ]
            },
            "Process": {
                "DNS_REGEX": [
                    0.4927536231884058,
                    0.34
                ],
                "WINPROCESS_REGEX": [
                    0.4927536231884058,
                    0.34
                ]
            },
            "ProcessName": {
                "WINPATH_REGEX": [
                    0.3269230769230769,
                    0.17
                ],
                "WINPROCESS_REGEX": [
                    0.3269230769230769,
                    0.17
                ]
            },